watershed_id,name,block_name,basin,district,lat,lon,area_km2,archetype_hint,dem_elevation_m,dem_relief_m,slope_deg,drainage_density_km_km2,stream_order,rainfall_annual_mm,rainfall_anomaly_pct,drought_freq_10yr,ndvi_mean,ndvi_5yr_trend,dominant_lulc,builtup_pct,cropland_pct,bare_degraded_pct,builtup_5yr_growth_pct,soil_texture,hydrologic_soil_group,soil_infiltration_score,soil_erosion_k_factor,water_occurrence_pct,water_10yr_decline_pct,historic_eri_count,tank_encroachment_pct,gw_depth_mbgl,cgwb_stage,coastal_salinity_risk,s1_sar_wet_dry_ratio,data_confidence_pct,confidence_level,plain_reason,verification_status,observed_deterioration_index
MW-024,Chengam-Kuppanatham Upper Sub-basin,Chengam Block,Palar Basin,Tiruvannamalai District,12.415,79.035,35.2,peri_urban_tank,199.1,92.6,5.36,1.84,3,1113.0,-22.5,6,0.255,-0.095,Peri-Urban Tank-Agri Mix,53.8,38.5,4.0,27.4,Sandy Loam,C,30.0,0.41,32.8,36.5,17,39.0,25.9,Over-Exploited (>100%),13.2,2.51,86.7,High,Surface water decreased and vegetation is declining,Pending,77.64
MW-017,Polur-Kalasapakkam Cheyyar Catchment,Polur Block,Palar Basin,Tiruvannamalai District,12.465,79.115,58.0,peri_urban_tank,178.0,66.6,4.46,2.27,3,1014.0,-18.0,5,0.359,-0.068,Peri-Urban Tank-Agri Mix,29.2,30.4,20.7,21.5,Alluvial Loam,B,66.4,0.323,27.4,28.5,24,21.9,17.5,Critical (90-100%),8.9,2.25,87.2,High,Surface water decreased,Pending,56.37
MW-031,Vandavasi-Chetput Dry Tank Zone,Vandavasi Block,Palar Basin,Tiruvannamalai District,12.395,79.145,62.7,peri_urban_tank,113.3,45.0,2.28,2.31,2,952.0,-10.5,5,0.328,-0.045,Peri-Urban Tank-Agri Mix,52.3,40.8,4.0,18.2,Red Sandy Clay,B,69.5,0.296,52.9,15.5,12,24.8,19.7,Over-Exploited (>100%),20.2,1.75,94.8,High,Urban growth is increasing,Pending,43.25
MW-006,Tiruvannamalai-Thurinjalar Sub-basin,Tiruvannamalai Block,Palar Basin,Tiruvannamalai District,12.315,78.985,44.4,agri_plain,167.1,68.6,4.01,2.34,3,911.0,-10.5,6,0.45,-0.078,Irrigated / Rainfed Cropland,17.6,57.9,4.0,11.5,Red Sandy Clay,C,46.3,0.384,31.3,15.5,20,10.4,22.2,Over-Exploited (>100%),22.2,1.7,79.5,Medium,Vegetation is declining,Pending,41.87
MW-012,Cheyyar-Anakkavur Cascade Eri Zone,Cheyyar Block,Palar Basin,Tiruvannamalai District,12.41,79.235,30.0,coastal_estuarine,96.1,49.1,2.04,1.69,4,991.0,2.0,6,0.196,0.014,Wetland / Coastal Buffer,21.3,29.3,36.0,4.0,Sandy Clay Loam,B,78.0,0.295,57.4,6.2,13,4.5,11.8,Semi-Critical (70-90%),83.0,1.67,89.2,High,No significant change,Pending,12.0
MW-028,Javadhu Hills-Pudupattu Escarpment,Jawadhu Hills Block,Palar Basin,Tiruvannamalai District,12.365,78.945,50.0,hill_catchment,482.7,229.9,14.89,2.86,4,1215.0,2.0,5,0.48,0.014,Scrub / Deciduous Forest,6.1,20.2,36.0,4.0,Gravelly Red Loam,C,78.0,0.47,13.3,6.2,5,4.5,10.5,Semi-Critical (70-90%),9.0,1.42,83.5,Medium,Steep terrain runoff and soil erosion risk,Verified,15.35
MW-029,Arani-Kamandalar Mid Sub-basin,Arani Block,Palar Basin,Tiruvannamalai District,12.335,79.065,55.8,agri_plain,139.7,55.5,3.37,1.89,2,1033.0,-18.0,5,0.333,-0.068,Irrigated / Rainfed Cropland,19.4,73.4,4.0,21.5,Red Sandy Clay,B,63.2,0.325,20.3,28.5,28,11.6,24.0,Over-Exploited (>100%),8.2,2.24,95.1,High,Surface water decreased and urban growth is increasing,Pending,51.65
MW-030,Thandrampet-Sathanur Reservoir Rim,Thandrampet Block,Palar Basin,Tiruvannamalai District,12.265,78.905,28.8,hill_catchment,231.6,104.8,6.49,2.9,4,1402.0,2.0,5,0.478,0.014,Scrub / Deciduous Forest,6.2,28.4,36.0,4.0,Gravelly Red Loam,C,78.0,0.413,7.4,6.2,1,4.5,9.8,Semi-Critical (70-90%),16.4,1.76,93.1,High,No significant change,Verified,15.31
MW-061,Kilpennathur-Gingee Upper Plain,Kilpennathur Block,Palar Basin,Tiruvannamalai District,12.255,79.105,33.2,agri_plain,125.9,66.4,2.77,1.84,2,1015.0,-10.5,6,0.537,-0.078,Irrigated / Rainfed Cropland,11.8,67.8,4.0,11.5,Alluvial Loam,C,38.6,0.399,17.2,15.5,12,15.4,19.0,Over-Exploited (>100%),12.9,1.68,88.3,High,Vegetation is declining,Verified,43.81
MW-062,Mangalam-Annamalai Foothill Zone,Thurinjapuram Block,Palar Basin,Tiruvannamalai District,12.33,79.14,28.5,peri_urban_tank,154.2,83.6,3.94,2.43,2,982.0,-18.0,5,0.356,-0.068,Peri-Urban Tank-Agri Mix,54.9,26.9,4.0,21.5,Sandy Loam,A,89.6,0.245,28.1,28.5,22,38.9,17.1,Critical (90-100%),11.8,2.27,89.9,High,Surface water decreased and urban growth is increasing,Planned,52.29
MW-063,Vembakkam-Palar Southern Bank,Vembakkam Block,Palar Basin,Tiruvannamalai District,12.285,79.215,63.4,peri_urban_tank,98.2,39.9,2.02,2.24,3,876.0,-18.0,4,0.327,-0.068,Peri-Urban Tank-Agri Mix,36.3,46.6,4.0,21.5,Alluvial Loam,B,72.5,0.284,22.9,28.5,12,31.5,22.0,Over-Exploited (>100%),12.0,2.04,90.9,High,Surface water decreased and urban growth is increasing,Planned,55.59
MW-064,Pudupalayam-Cheyyar Southern Plain,Pudupalayam Block,Palar Basin,Tiruvannamalai District,12.225,79.025,48.2,agri_plain,161.8,67.0,3.53,2.0,2,1068.0,2.0,4,0.453,0.014,Irrigated / Rainfed Cropland,19.0,55.8,4.0,4.0,Red Sandy Clay,A,78.0,0.265,19.4,6.2,22,4.5,12.8,Semi-Critical (70-90%),19.2,1.46,93.6,High,No significant change,Planned,12.51
MW-002,Pallikaranai Marsh South Catchment,St. Thomas Mount Block,Chennai Basin,Chennai District,12.945,80.215,40.9,urban_wetland,7.2,33.7,0.92,1.83,4,1210.0,-5.1,4,0.22,-0.04,Wetland / Coastal Buffer,25.8,39.7,22.4,22.0,Red Sandy Clay,B,72.3,0.276,34.3,24.9,16,33.0,18.4,Over-Exploited (>100%),12.5,2.19,89.3,High,Urban growth is increasing,Pending,40.22
MW-003,Velachery-Adambakkam Urban Sub-basin,Velachery Zone,Chennai Basin,Chennai District,12.988,80.218,44.6,dense_urban,10.3,29.1,0.82,1.91,2,1229.0,0.3,3,0.161,-0.057,Built-Up Urban,80.1,5.5,5.5,26.8,Compacted Urban Clay,D,26.6,0.421,22.9,36.7,4,40.5,19.3,Over-Exploited (>100%),15.7,2.4,95.8,High,Surface water decreased and urban growth is increasing,Pending,55.17
MW-008,Porur-Manapakkam Adyar Sub-basin,Valasaravakkam Zone,Chennai Basin,Chennai District,13.028,80.165,66.0,dense_urban,19.5,30.1,1.01,2.88,2,1203.0,-10.5,4,0.23,-0.062,Built-Up Urban,75.6,8.4,4.0,20.3,Compacted Urban Clay,D,24.6,0.429,8.6,24.3,13,38.9,22.8,Over-Exploited (>100%),16.1,2.26,91.0,High,Surface water decreased and vegetation is declining,Planned,54.91
MW-009,Korattur-Ambattur Industrial Tank Zone,Ambattur Zone,Chennai Basin,Chennai District,13.105,80.168,56.4,dense_urban,21.4,36.5,1.07,2.61,3,1368.0,-14.0,4,0.183,-0.086,Built-Up Urban,72.9,6.1,10.9,25.6,Compacted Urban Clay,D,20.6,0.443,13.3,42.6,10,55.7,20.8,Over-Exploited (>100%),6.7,2.51,92.6,High,Surface water decreased and urban growth is increasing,Completed,68.3
MW-013,Manali-Ennore Creek Estuarine,Manali Zone,Chennai Basin,Chennai District,13.165,80.245,47.9,coastal_estuarine,5.5,19.3,0.68,1.36,4,1228.0,6.7,3,0.234,-0.031,Wetland / Coastal Buffer,38.8,33.7,14.6,15.1,Sandy Clay Loam,B,70.6,0.28,32.4,16.3,13,26.9,15.9,Critical (90-100%),62.9,2.06,91.2,High,No significant change,Verified,29.62
MW-010,Red Hills-Puzhal Surplus Catchment,Puzhal Zone,Chennai Basin,Chennai District,13.148,80.185,64.6,peri_urban_tank,24.3,45.9,1.78,2.37,2,1271.0,-5.3,4,0.349,-0.089,Peri-Urban Tank-Agri Mix,45.8,31.9,4.0,20.6,Red Sandy Clay,A,84.5,0.244,28.5,30.0,20,39.3,14.8,Critical (90-100%),18.2,2.16,93.0,High,Surface water decreased and urban growth is increasing,Pending,47.01
MW-016,Cooum Mid-Anna Nagar Catchment,Anna Nagar Zone,Chennai Basin,Chennai District,13.075,80.215,28.4,dense_urban,11.5,38.0,0.84,1.88,3,1316.0,-16.4,5,0.208,-0.042,Built-Up Urban,76.9,5.1,6.6,25.9,Compacted Urban Clay,D,24.8,0.427,15.7,42.0,6,35.9,23.4,Over-Exploited (>100%),17.5,2.49,90.8,High,Surface water decreased and urban growth is increasing,Completed,64.09
MW-011,Sholinganallur-Buckingham Canal Zone,Sholinganallur Zone,Chennai Basin,Chennai District,12.905,80.228,54.0,urban_wetland,2.2,27.0,0.8,1.56,3,1277.0,-12.2,5,0.216,-0.051,Wetland / Coastal Buffer,44.9,26.1,17.1,12.2,Sandy Loam,C,37.8,0.385,42.1,36.8,21,23.1,23.2,Over-Exploited (>100%),19.8,2.55,89.2,High,No significant change,Pending,50.49
MW-001,Kattankulathur-Potheri (SRM Catchment),Kattankulathur Block,Chennai Basin,Chengalpattu District,12.823,80.044,51.4,peri_urban_tank,44.4,54.0,2.72,1.97,2,1200.0,-1.2,3,0.358,-0.088,Peri-Urban Tank-Agri Mix,44.2,32.6,4.0,31.5,Alluvial Loam,B,73.2,0.288,37.7,34.8,18,39.5,13.0,Semi-Critical (70-90%),6.1,2.3,89.2,High,Surface water decreased and urban growth is increasing,Pending,55.9
MW-007,Guduvancheri-Nandivaram Eri Zone,Kattankulathur Block,Chennai Basin,Chengalpattu District,12.852,80.072,44.9,peri_urban_tank,44.5,59.1,2.84,1.53,2,1364.0,-7.9,4,0.212,-0.032,Peri-Urban Tank-Agri Mix,35.1,40.3,12.9,33.4,Sandy Loam,C,36.9,0.405,36.9,28.7,18,26.6,20.3,Over-Exploited (>100%),8.8,2.02,89.1,High,Surface water decreased and urban growth is increasing,Pending,52.34
MW-014,Kelambakkam-Kovalam Backwater Basin,Thiruporur Block,Chennai Basin,Chengalpattu District,12.792,80.185,40.5,coastal_estuarine,8.0,32.0,0.92,1.32,4,1321.0,2.3,3,0.28,-0.061,Wetland / Coastal Buffer,42.4,29.5,12.7,19.8,Sandy Clay Loam,C,45.6,0.361,30.3,29.9,8,30.1,16.7,Critical (90-100%),85.4,2.34,90.3,High,Surface water decreased and urban growth is increasing,Pending,45.38
MW-018,Thiruporur-OMR IT Corridor Catchment,Thiruporur Block,Chennai Basin,Chengalpattu District,12.735,80.155,47.5,peri_urban_tank,20.9,38.5,1.84,1.55,3,1206.0,-8.7,4,0.32,-0.044,Peri-Urban Tank-Agri Mix,28.8,45.9,7.7,15.3,Sandy Loam,B,66.4,0.302,32.1,27.8,18,22.5,19.5,Over-Exploited (>100%),6.4,2.21,94.5,High,No significant change,Planned,38.45
MW-019,Singaperumal Koil-Marai Malai Nagar,Chengalpattu Block,Palar Basin,Chengalpattu District,12.768,80.015,36.3,agri_plain,46.1,48.7,2.17,2.36,3,938.0,-10.6,4,0.42,-0.054,Irrigated / Rainfed Cropland,16.6,76.5,4.0,3.9,Alluvial Loam,A,85.9,0.242,35.8,22.1,16,15.0,17.7,Critical (90-100%),19.0,2.09,88.8,High,No significant change,Planned,32.72
MW-020,Chengalpattu-Kolavai Lake Sub-basin,Chengalpattu Block,Palar Basin,Chengalpattu District,12.705,79.995,33.3,peri_urban_tank,55.6,62.3,3.21,1.76,3,1027.0,-6.5,3,0.282,-0.02,Peri-Urban Tank-Agri Mix,32.3,25.8,26.4,23.6,Red Sandy Clay,C,46.5,0.377,25.8,35.3,10,35.2,15.3,Critical (90-100%),15.4,2.24,95.1,High,Surface water decreased and urban growth is increasing,Verified,45.1
MW-032,Mahabalipuram-Palar Lower Estuarine,Thirukalukundram Block,Palar Basin,Chengalpattu District,12.665,80.115,43.4,coastal_estuarine,10.6,20.0,0.98,1.97,3,1133.0,-12.8,5,0.211,-0.013,Wetland / Coastal Buffer,20.5,25.9,36.0,17.3,Sandy Clay Loam,B,70.4,0.283,32.2,21.6,10,31.4,15.3,Critical (90-100%),76.6,1.85,90.4,High,No significant change,Verified,37.55
MW-004,Chembarambakkam Upper Catchment,Sriperumbudur Block,Chennai Basin,Kancheepuram District,12.995,80.015,62.2,peri_urban_tank,41.2,40.7,2.45,2.45,4,1401.0,-6.4,4,0.322,-0.02,Peri-Urban Tank-Agri Mix,49.6,43.4,4.0,19.1,Red Sandy Clay,A,89.1,0.234,40.7,20.8,20,41.7,17.3,Critical (90-100%),10.6,1.87,89.9,High,Urban growth is increasing,Verified,36.66
MW-005,Kundrathur-Adyar Upper Sub-basin,Kundrathur Block,Chennai Basin,Kancheepuram District,12.975,80.085,37.8,peri_urban_tank,26.6,29.6,1.99,2.43,3,1208.0,7.9,2,0.251,-0.042,Peri-Urban Tank-Agri Mix,31.0,23.0,32.2,28.6,Red Sandy Clay,C,47.9,0.363,31.5,26.3,20,19.5,13.1,Semi-Critical (70-90%),7.4,2.26,90.3,High,Surface water decreased and urban growth is increasing,Verified,42.47
MW-015,Sriperumbudur Industrial-Tank Sub-basin,Sriperumbudur Block,Chennai Basin,Kancheepuram District,12.945,79.945,47.8,peri_urban_tank,53.6,48.4,2.82,2.38,2,1289.0,-11.2,5,0.315,-0.039,Peri-Urban Tank-Agri Mix,39.5,44.0,4.0,27.2,Alluvial Loam,B,64.3,0.317,27.7,31.9,22,41.1,18.7,Over-Exploited (>100%),8.3,2.12,91.1,High,Surface water decreased and urban growth is increasing,Pending,53.64
MW-021,Uthiramerur Historic Cascade Tank Zone,Uthiramerur Block,Palar Basin,Kancheepuram District,12.785,79.855,53.2,agri_plain,63.7,49.5,2.33,2.53,4,1115.0,-12.0,5,0.415,-0.018,Irrigated / Rainfed Cropland,9.7,78.0,4.0,10.5,Red Sandy Clay,A,82.2,0.256,27.0,28.5,25,19.7,16.2,Critical (90-100%),8.0,2.04,94.2,High,No significant change,Verified,37.81
MW-022,Walajabad-Palar Confluence,Walajabad Block,Palar Basin,Kancheepuram District,12.845,79.885,48.4,agri_plain,71.0,49.6,2.45,1.54,2,941.0,-23.2,6,0.514,-0.024,Irrigated / Rainfed Cropland,7.5,54.7,9.5,9.1,Sandy Loam,A,82.0,0.257,20.9,25.0,26,18.0,18.3,Over-Exploited (>100%),23.2,2.1,91.6,High,Rainfall deficit and groundwater depletion,Pending,39.83
MW-023,Kancheepuram-Vegavathi Sub-basin,Kancheepuram Block,Palar Basin,Kancheepuram District,12.868,79.795,48.7,peri_urban_tank,85.8,53.5,2.61,1.58,3,1136.0,-4.5,3,0.314,-0.087,Peri-Urban Tank-Agri Mix,41.6,28.9,12.2,18.7,Sandy Loam,A,80.9,0.262,23.5,25.7,9,36.6,14.4,Critical (90-100%),22.1,2.18,94.5,High,Surface water decreased and vegetation is declining,Planned,43.87
MW-033,Siruvani-Boluvampatti Western Ghats,Thondamuthur Block,Cauvery Basin,Coimbatore District,10.975,76.845,46.7,hill_catchment,681.9,299.3,19.65,3.28,3,1174.0,-15.1,5,0.547,-0.028,Scrub / Deciduous Forest,2.2,14.4,36.0,5.1,Gravelly Red Loam,B,69.9,0.434,10.3,9.9,1,3.3,13.5,Semi-Critical (70-90%),14.0,1.67,89.4,High,Steep terrain runoff and soil erosion risk,Verified,34.44
MW-034,Noyyal Urban Coimbatore (Singanallur),Coimbatore South,Cauvery Basin,Coimbatore District,10.995,77.015,35.4,dense_urban,410.1,51.5,3.16,2.67,3,883.0,-13.8,5,0.196,-0.045,Built-Up Urban,84.3,11.1,4.0,28.0,Compacted Urban Clay,D,22.1,0.455,10.9,33.3,8,45.5,26.5,Over-Exploited (>100%),5.5,2.47,94.6,High,Surface water decreased and urban growth is increasing,Pending,62.51
MW-035,Sulur-Palladam Semi-Arid Noyyal,Sulur Block,Cauvery Basin,Coimbatore District,11.025,77.125,38.1,agri_plain,344.6,53.8,2.95,1.5,3,980.0,-6.8,5,0.453,-0.011,Irrigated / Rainfed Cropland,20.1,77.9,4.0,4.1,Sandy Loam,B,66.4,0.311,12.5,15.7,27,13.1,21.7,Over-Exploited (>100%),21.2,1.65,93.3,High,No significant change,Pending,22.47
MW-036,Perur-Chitrachavadi Noyyal Upper,Perur Block,Cauvery Basin,Coimbatore District,10.945,76.935,39.7,peri_urban_tank,438.3,83.0,4.65,2.31,2,810.0,-14.5,5,0.233,-0.078,Peri-Urban Tank-Agri Mix,37.8,34.4,15.0,20.4,Alluvial Loam,C,41.6,0.404,49.4,29.5,11,35.6,23.2,Over-Exploited (>100%),6.1,2.06,92.5,High,Surface water decreased and urban growth is increasing,Completed,59.11
MW-037,Karamadai-Mettupalayam Bhavani Rim,Karamadai Block,Cauvery Basin,Coimbatore District,11.115,76.965,55.7,hill_catchment,460.4,166.9,10.16,3.37,4,927.0,-20.3,5,0.59,-0.042,Scrub / Deciduous Forest,2.3,18.8,36.0,4.0,Gravelly Red Loam,C,47.6,0.429,15.4,16.6,1,7.2,16.5,Critical (90-100%),8.3,2.03,85.7,High,Steep terrain runoff and soil erosion risk,Pending,44.03
MW-038,Annur-Kousika River Dry Sub-basin,Annur Block,Cauvery Basin,Coimbatore District,11.105,77.085,57.3,agri_plain,377.9,59.2,3.23,1.56,2,1145.0,-11.6,4,0.346,-0.041,Irrigated / Rainfed Cropland,7.2,80.4,4.0,9.4,Red Sandy Clay,C,43.5,0.387,30.8,27.0,27,14.0,21.3,Over-Exploited (>100%),12.1,1.98,92.8,High,No significant change,Verified,44.74
MW-041,Thiruvaiyaru-Kollidam Regulator,Thiruvaiyaru Block,Cauvery Basin,Thanjavur District,10.865,79.085,61.6,agri_plain,55.0,32.9,1.68,2.18,3,754.0,-13.9,5,0.373,-0.02,Irrigated / Rainfed Cropland,15.3,64.8,4.0,5.1,Red Sandy Clay,B,68.0,0.296,25.5,12.0,31,18.6,18.7,Over-Exploited (>100%),5.6,1.55,88.4,High,No significant change,Planned,25.78
MW-042,Kallanai-Budalur Apex Delta,Budalur Block,Cauvery Basin,Thanjavur District,10.795,79.025,49.6,agri_plain,63.1,32.0,0.91,1.82,3,1106.0,2.7,4,0.401,-0.017,Irrigated / Rainfed Cropland,11.4,69.1,4.0,6.8,Alluvial Loam,B,67.1,0.293,19.0,21.2,17,13.4,18.1,Over-Exploited (>100%),9.8,2.16,92.8,High,No significant change,Completed,22.58
MW-043,Orathanadu-Vennar Mid Delta,Orathanadu Block,Cauvery Basin,Thanjavur District,10.685,79.215,46.9,agri_plain,37.1,31.1,1.2,2.05,3,870.0,2.7,3,0.424,-0.032,Irrigated / Rainfed Cropland,20.5,81.9,4.0,11.3,Red Sandy Clay,C,45.8,0.363,27.5,18.7,12,18.2,21.3,Over-Exploited (>100%),6.0,1.83,93.0,High,No significant change,Planned,28.35
MW-044,Thanjavur-Grand Anicut Canal Zone,Thanjavur Block,Cauvery Basin,Thanjavur District,10.775,79.145,56.9,peri_urban_tank,48.8,22.5,1.29,1.68,3,1160.0,-5.0,4,0.347,-0.058,Peri-Urban Tank-Agri Mix,29.2,25.2,26.5,32.3,Alluvial Loam,B,62.2,0.311,44.8,28.6,19,29.9,16.3,Critical (90-100%),21.6,2.29,92.7,High,Surface water decreased and urban growth is increasing,Completed,49.15
MW-045,Kumbakonam-Cauvery Distributary,Kumbakonam Block,Cauvery Basin,Thanjavur District,10.895,79.265,52.4,agri_plain,31.5,29.0,1.07,2.3,3,851.0,1.1,4,0.325,-0.019,Irrigated / Rainfed Cropland,21.4,64.2,4.0,12.8,Alluvial Loam,B,66.5,0.296,35.9,24.5,16,18.8,15.0,Critical (90-100%),8.0,2.25,93.0,High,No significant change,Pending,31.39
MW-046,Pattukkottai-Agniyar Tail-End,Pattukkottai Block,Cauvery Basin,Thanjavur District,10.645,79.315,39.4,coastal_estuarine,16.5,26.0,0.99,1.35,5,1153.0,-0.3,4,0.231,-0.027,Wetland / Coastal Buffer,31.2,27.6,28.5,10.9,Sandy Clay Loam,C,41.0,0.377,51.6,25.5,8,29.5,19.1,Over-Exploited (>100%),69.8,2.01,91.6,High,No significant change,Verified,32.04
MW-048,Vadipatti-Sholavandan Vaigai Valley,Vadipatti Block,Vaigai-Tamiraparani Basin,Madurai District,10.015,77.985,42.0,agri_plain,171.6,72.0,3.93,1.85,3,883.0,-18.0,6,0.437,-0.033,Irrigated / Rainfed Cropland,13.7,57.9,4.4,4.8,Vertisol / Clay Loam,C,46.2,0.384,23.8,18.7,21,21.2,21.0,Over-Exploited (>100%),15.3,2.05,89.1,High,Rainfall deficit and groundwater depletion,Verified,38.81
MW-049,Alanganallur-Sathiyar Foothill Dam,Alanganallur Block,Vaigai-Tamiraparani Basin,Madurai District,10.045,78.095,53.4,hill_catchment,213.4,95.6,6.11,3.43,3,1020.0,0.9,3,0.494,-0.026,Scrub / Deciduous Forest,6.6,24.4,36.0,3.3,Gravelly Red Loam,C,47.4,0.397,10.2,13.0,2,4.4,16.6,Critical (90-100%),10.7,1.76,86.5,High,No significant change,Pending,24.77
MW-050,Melur-Periyar Main Canal Command,Melur Block,Vaigai-Tamiraparani Basin,Madurai District,10.015,78.225,36.8,agri_plain,144.6,58.9,2.34,1.81,3,740.0,-13.7,4,0.322,-0.029,Irrigated / Rainfed Cropland,19.5,55.7,7.1,9.1,Vertisol / Clay Loam,C,39.5,0.392,29.5,25.2,20,18.7,20.5,Over-Exploited (>100%),13.9,1.98,95.0,High,No significant change,Verified,38.78
MW-051,Madurai Urban Vaigai-Vandiyur Tank,Madurai East Block,Vaigai-Tamiraparani Basin,Madurai District,9.925,78.145,48.0,dense_urban,134.5,46.5,1.65,2.12,3,775.0,-8.8,4,0.155,-0.041,Built-Up Urban,62.9,4.3,24.3,19.0,Compacted Urban Clay,D,26.2,0.429,17.6,31.4,11,54.7,17.9,Critical (90-100%),11.5,2.42,90.6,High,Surface water decreased and urban growth is increasing,Planned,48.93
MW-052,Thirumangalam-Gundar Dry Sub-basin,Thirumangalam Block,Vaigai-Tamiraparani Basin,Madurai District,9.845,78.015,50.7,agri_plain,144.9,40.6,2.05,1.53,3,834.0,-4.0,4,0.383,-0.042,Irrigated / Rainfed Cropland,18.6,59.3,4.0,8.2,Vertisol / Clay Loam,D,27.4,0.429,14.9,27.3,28,23.0,23.0,Over-Exploited (>100%),21.8,2.29,91.3,High,No significant change,Planned,34.28
MW-053,Thiruparankundram-Avaniyapuram Tank,Thiruparankundram Block,Vaigai-Tamiraparani Basin,Madurai District,9.875,78.115,33.1,peri_urban_tank,138.3,45.9,1.79,2.18,2,1105.0,-4.2,3,0.307,-0.083,Peri-Urban Tank-Agri Mix,47.3,32.5,4.0,22.9,Vertisol / Clay Loam,D,16.3,0.462,46.6,20.5,16,24.8,22.3,Over-Exploited (>100%),14.5,1.91,88.3,High,Urban growth is increasing,Planned,52.58
MW-056,Agasthiyar-Papanasam Tamiraparani Upper,Papanasam Block,Vaigai-Tamiraparani Basin,Tirunelveli District,8.695,77.525,32.7,hill_catchment,521.0,258.0,16.24,2.61,4,977.0,-19.1,5,0.383,-0.075,Scrub / Deciduous Forest,3.9,24.9,36.0,2.9,Gravelly Red Loam,C,47.1,0.479,9.7,17.3,2,7.4,17.3,Critical (90-100%),20.6,1.78,86.5,High,Steep terrain runoff and soil erosion risk,Pending,49.33
MW-057,Ambasamudram-Gadana Foothill Valley,Ambasamudram Block,Vaigai-Tamiraparani Basin,Tirunelveli District,8.735,77.585,46.7,agri_plain,114.2,90.0,4.8,2.46,2,872.0,-25.3,6,0.499,0.012,Irrigated / Rainfed Cropland,19.6,69.7,4.0,10.7,Vertisol / Clay Loam,D,25.2,0.458,34.9,26.4,13,17.4,28.5,Over-Exploited (>100%),15.1,2.02,87.3,High,Rainfall deficit and groundwater depletion,Pending,46.24
MW-058,Tirunelveli-Palayamkottai Channel Zone,Palayamkottai Block,Vaigai-Tamiraparani Basin,Tirunelveli District,8.728,77.715,44.1,peri_urban_tank,51.4,38.7,1.69,1.49,4,1018.0,-25.7,6,0.28,-0.07,Peri-Urban Tank-Agri Mix,29.7,25.5,29.4,18.3,Vertisol / Clay Loam,C,38.0,0.392,53.3,25.0,12,23.9,24.9,Over-Exploited (>100%),5.6,1.94,90.0,High,Surface water decreased and vegetation is declining,Verified,62.72
MW-059,Cheranmahadevi-Kannadian Canal Zone,Cheranmahadevi Block,Vaigai-Tamiraparani Basin,Tirunelveli District,8.665,77.645,54.8,agri_plain,68.0,50.1,2.11,2.05,4,1115.0,-8.1,4,0.384,-0.038,Irrigated / Rainfed Cropland,11.6,66.7,4.0,9.1,Vertisol / Clay Loam,C,40.3,0.388,31.3,26.9,28,14.9,20.3,Over-Exploited (>100%),20.5,2.02,90.3,High,No significant change,Pending,38.29
MW-060,Manur-Chittar Dry Upland Catchment,Manur Block,Vaigai-Tamiraparani Basin,Tirunelveli District,8.805,77.685,52.4,peri_urban_tank,85.0,43.4,2.36,2.39,4,848.0,-14.3,5,0.285,-0.084,Peri-Urban Tank-Agri Mix,41.6,25.0,17.7,29.8,Vertisol / Clay Loam,C,47.7,0.366,25.4,19.3,15,41.7,18.3,Over-Exploited (>100%),13.9,2.08,94.9,High,Urban growth is increasing,Verified,58.64
MW-025,Kalakkad-Pachaiyar Foothill Sub-basin,Kalakkad Block,Vaigai-Tamiraparani Basin,Tirunelveli District,8.615,77.595,37.8,hill_catchment,197.0,145.7,8.21,2.36,3,1002.0,-8.6,4,0.496,-0.005,Scrub / Deciduous Forest,3.2,15.9,36.0,7.0,Gravelly Red Loam,B,66.9,0.352,17.8,10.2,1,6.7,14.3,Critical (90-100%),5.0,1.78,86.3,High,No significant change,Planned,25.85
MW-026,Nanguneri-Nambiyar Dry Tank Belt,Nanguneri Block,Vaigai-Tamiraparani Basin,Tirunelveli District,8.625,77.715,28.9,agri_plain,75.8,44.1,1.92,1.78,4,965.0,-17.1,5,0.497,0.013,Irrigated / Rainfed Cropland,18.2,74.0,4.0,13.5,Vertisol / Clay Loam,D,21.6,0.446,33.1,13.5,22,17.4,23.9,Over-Exploited (>100%),5.9,1.94,88.1,High,Rainfall deficit and groundwater depletion,Planned,36.5
MW-027,Radhapuram-Karumeniyar Semi-Arid,Radhapuram Block,Vaigai-Tamiraparani Basin,Tirunelveli District,8.685,77.795,51.7,coastal_estuarine,48.2,43.1,1.86,1.31,5,990.0,-9.9,4,0.277,-0.053,Wetland / Coastal Buffer,28.4,28.0,28.4,10.0,Sandy Clay Loam,C,44.7,0.372,41.6,18.7,17,29.2,19.5,Over-Exploited (>100%),74.5,1.81,90.2,High,No significant change,Verified,38.35
MW-054,Gangaikondan-Chittar Confluence,Palayamkottai North,Vaigai-Tamiraparani Basin,Tirunelveli District,8.815,77.775,61.9,agri_plain,63.7,45.7,1.83,1.59,4,1096.0,-3.2,4,0.547,0.02,Irrigated / Rainfed Cropland,20.7,71.7,4.0,6.6,Vertisol / Clay Loam,D,16.1,0.463,18.6,13.7,26,13.4,20.8,Over-Exploited (>100%),21.2,1.68,92.6,High,No significant change,Verified,24.08
